{
    "0": {
        "precision": 0.9422382671480144,
        "recall": 0.9354838709677419,
        "f1-score": 0.9388489208633094,
        "support": 279.0
    },
    "1": {
        "precision": 0.9158878504672897,
        "recall": 0.9245283018867925,
        "f1-score": 0.92018779342723,
        "support": 212.0
    },
    "accuracy": 0.9307535641547862,
    "macro avg": {
        "precision": 0.929063058807652,
        "recall": 0.9300060864272672,
        "f1-score": 0.9295183571452696,
        "support": 491.0
    },
    "weighted avg": {
        "precision": 0.93086089782762,
        "recall": 0.9307535641547862,
        "f1-score": 0.9307915705243097,
        "support": 491.0
    }
}